小组,队伍,球员位置,球员姓名,所属俱乐部
A组,墨西哥,门将,何塞·兰格尔,瓜达拉哈拉
A组,墨西哥,门将,卡洛斯·阿切维多,桑托斯拉古纳
A组,墨西哥,门将,吉列尔莫·奥乔亚,AEL利马索尔
A组,墨西哥,后卫,伊塞尔·雷耶斯,美洲队
A组,墨西哥,后卫,豪尔赫·桑切斯,塞萨洛尼基
A组,墨西哥,后卫,塞萨尔·蒙特斯,莫斯科火车头
A组,墨西哥,后卫,约翰·巴斯克斯,热那亚
A组,墨西哥,后卫,赫苏斯·加利亚多,托卢卡
A组,墨西哥,后卫,马特奥·查韦斯,阿尔克马尔
A组,墨西哥,中场,埃德森·阿尔瓦雷斯,费内巴切
A组,墨西哥,中场,罗莫,瓜达拉哈拉
A组,墨西哥,中场,菲达尔戈,皇家贝蒂斯
A组,墨西哥,中场,布莱恩·古铁雷斯,瓜达拉哈拉
A组,墨西哥,中场,奥贝德·巴尔加斯,马德里竞技
A组,墨西哥,中场,吉尔伯托·莫拉,蒂华纳
A组,墨西哥,中场,埃里克·里拉,蓝十字
A组,墨西哥,中场,路易斯·查韦斯,莫斯科迪纳摩
A组,墨西哥,中场,皮内达,雅典AEK
A组,墨西哥,前锋,罗伯托·阿尔瓦拉多,瓜达拉哈拉
A组,墨西哥,前锋,塞萨尔·韦尔塔,安德莱赫特
A组,墨西哥,前锋,劳尔·希门尼斯,富勒姆
A组,墨西哥,前锋,圣地亚哥·希门尼斯,AC米兰
A组,墨西哥,前锋,吉列尔莫·马丁内斯,墨西哥美洲狮
A组,墨西哥,前锋,阿莱克斯·维加,托卢卡
A组,墨西哥,前锋,阿曼多·冈萨雷斯,瓜达拉哈拉
A组,墨西哥,前锋,奎尼奥内斯,胡拜尔库迪西亚
A组,南非,门将,隆文·威廉姆斯,马梅洛迪日落
A组,南非,门将,里卡多・戈斯,西维勒
A组,南非,门将,西波・沙内,奥兰多海盗
A组,南非,后卫,胡利索·穆达乌,马梅洛迪日落
A组,南非,后卫,奥尔韦图·马卡尼亚,费城联合
A组,南非,后卫,布拉德利・克罗斯,恺撒酋长
A组,南非,后卫,莫迪巴,马梅洛迪日落
A组,南非,后卫,托洛·塔邦·马图鲁迪,波洛克瓦尼
A组,南非,后卫,恩科西那提·斯比西,奥兰多海盗
A组,南非,后卫,伊梅·奥康,汉诺威96
A组,南非,后卫,萨姆克罗·卡比尼,莫尔德
A组,南非,后卫,姆贝凯泽利·姆博卡齐,芝加哥火焰
A组,南非,后卫,塞贝莱贝莱,奥兰多海盗
A组,南非,后卫,库鲁马尼·恩达马内,马梅洛迪日落
A组,南非,中场,特博霍·莫科纳,马洛迪日落
A组,南非,中场,姆巴塔,奥兰多海盗
A组,南非,中场,杰登·亚当斯,马洛迪日落
A组,南非,中场,斯皮菲洛·西托勒,CD通德拉
A组,南非,前锋,奥斯温·阿波利斯,奥兰多海盗
A组,南非,前锋,莫雷米,奥兰多海盗
A组,南非,前锋,埃维登斯·马克戈帕,奥兰多海盗
A组,南非,前锋,莱尔·福斯特,伯恩利
A组,南非,前锋,伊克拉姆·雷纳斯,马洛迪日落
A组,南非,前锋,莫佛肯,奥兰多海盗
A组,南非,前锋,特姆巴·兹瓦尼,马洛迪日落
A组,南非,前锋,塔佩洛·马塞科,AEL利马索尔
A组,韩国,门将,金承奎,FC东京
A组,韩国,门将,赵贤祐,蔚山HD
A组,韩国,门将,宋范根,全北现代
A组,韩国,后卫,金玟哉,拜仁慕尼黑
A组,韩国,后卫,金纹奂,大田市民
A组,韩国,后卫,金太炫,鹿岛鹿角
A组,韩国,后卫,朴镇燮,浙江
A组,韩国,后卫,薛英佑,贝尔格莱德红星
A组,韩国,后卫,卡斯特罗普,门兴
A组,韩国,后卫,李期奕,江原FC
A组,韩国,后卫,李太锡,奥地利维也纳
A组,韩国,后卫,李韩汎,中日德兰
A组,韩国,后卫,赵伟济,全北现代
A组,韩国,中场,金镇圭,全北现代
A组,韩国,中场,裴峻浩,斯托克城
A组,韩国,中场,白昇浩,伯明翰
A组,韩国,中场,杨贤俊,凯尔特人
A组,韩国,中场,严智星,斯旺西
A组,韩国,中场,李刚仁,巴黎圣日耳曼
A组,韩国,中场,李东炅,蔚山HD
A组,韩国,中场,李在城,美因茨
A组,韩国,中场,黄仁范,费耶诺德
A组,韩国,中场,黄喜灿,狼队
A组,韩国,前锋,孙兴慜,洛杉矶FC
A组,韩国,前锋,吴贤揆,贝西克塔斯
A组,韩国,前锋,曹圭成,中日德兰
A组,捷克,门将,霍尼塞克,布拉格斯拉维亚
A组,捷克,门将,科瓦尔,埃因霍温
A组,捷克,门将,斯坦尼克,布拉格斯拉维亚
A组,捷克,后卫,曹法尔,霍芬海姆
A组,捷克,后卫,道德拉,布拉格斯拉维亚
A组,捷克,后卫,霍莱什,布拉格斯拉维亚
A组,捷克,后卫,赫拉纳克,霍芬海姆
A组,捷克,后卫,沙卢佩克,布拉格斯拉维亚
A组,捷克,后卫,尤拉塞克,布拉格斯拉维亚
A组,捷克,后卫,克雷伊奇,狼队
A组,捷克,后卫,泽勒尼,布拉格斯拉维亚
A组,捷克,后卫,齐马,布拉格斯拉维亚
A组,捷克,中场,切尔夫,比尔森胜利
A组,捷克,中场,达里达,赫拉德茨克拉洛韦
A组,捷克,中场,普罗沃德,布拉格斯拉维亚
A组,捷克,中场,米甲・萨迪莱克,布拉格斯拉维亚
A组,捷克,中场,索楚雷克,布拉格斯巴达
A组,捷克,中场,亚历山大・索卡,捷克U21
A组,捷克,中场,绍切克,西汉姆联
A组,捷克,中场,苏尔克,昂热
A组,捷克,中场,维辛斯基,比尔森胜利
A组,捷克,前锋,赫洛热克,霍芬海姆
A组,捷克,前锋,乔里,布拉格斯拉维亚
A组,捷克,前锋,齐迪尔,布拉格斯拉维亚
A组,捷克,前锋,希克,勒沃库森
A组,捷克,前锋,库奇塔,布拉格斯巴达
B组,加拿大,门将,达尼·圣克莱尔,迈阿密国际
B组,加拿大,门将,马克西姆·克雷波,奥兰多城
B组,加拿大,门将,欧文·古德曼,巴恩斯利
B组,加拿大,后卫,阿里斯特尔·约翰斯顿,凯尔特人
B组,加拿大,后卫,德雷克·科内柳斯,格拉斯哥流浪者
B组,加拿大,后卫,里奇·拉耶,多伦多FC
B组,加拿大,后卫,尼科·西古尔,哈伊杜克
B组,加拿大,后卫,乔尔·沃特曼,芝加哥火焰
B组,加拿大,后卫,吕克·德富格罗莱斯,登德
B组,加拿大,后卫,莫伊斯·波姆比托,尼斯
B组,加拿大,后卫,阿方索·戴维斯,拜仁
B组,加拿大,后卫,阿尔菲·琼斯,米德尔斯堡
B组,加拿大,中场,阿里·艾哈迈德,诺维奇
B组,加拿大,中场,布坎南,比利亚雷亚尔
B组,加拿大,中场,马修·舒瓦尼埃,洛杉矶FC
B组,加拿大,中场,史蒂芬·欧斯塔基奥,洛杉矶FC
B组,加拿大,中场,伊斯梅尔·科内,萨索洛
B组,加拿大,中场,利亚姆·米拉尔,赫尔城
B组,加拿大,中场,乔纳森·奥索里奥,多伦多FC
B组,加拿大,中场,内森·萨利巴,安德莱赫特
B组,加拿大,中场,沙菲尔博格,洛杉矶FC
B组,加拿大,前锋,乔纳森·戴维,尤文
B组,加拿大,前锋,普罗米斯·戴维,圣吉罗斯
B组,加拿大,前锋,凯尔·拉林,南安普顿
B组,加拿大,前锋,奥卢瓦塞伊,比利亚雷亚尔
B组,加拿大,前锋,杰登·尼尔森,奥斯汀FC
B组,波黑,门将,尼古拉·瓦西里,圣保利
B组,波黑,门将,马丁·兹洛米斯利奇,里耶卡
B组,波黑,门将,奥斯曼·哈季基奇,斯拉文
B组,波黑,后卫,塞亚德·科拉希纳茨,亚特兰大
B组,波黑,后卫,阿马尔·德蒂奇,本菲卡
B组,波黑,后卫,尼哈德·穆亚基奇,加济安泰普
B组,波黑,后卫,尼克拉·卡蒂奇,沙尔克04
B组,波黑,后卫,塔里克·穆哈雷莫维奇,萨索洛
B组,波黑,后卫,斯捷潘·拉德里季奇,里耶卡
B组,波黑,后卫,丹尼斯·哈迪卡杜尼克,桑普多利亚
B组,波黑,后卫,尼达尔·切利克,朗斯
B组,波黑,中场,阿米尔·哈吉艾哈迈托维奇,赫尔城
B组,波黑,中场,伊万·舒尼奇,帕福斯
B组,波黑,中场,伊万·巴希奇,阿斯塔纳
B组,波黑,中场,泽尼斯·布尔尼奇,卡尔斯鲁厄
B组,波黑,中场,埃尔明·马赫米奇,利贝雷茨
B组,波黑,中场,本亚明·塔希罗维奇,布隆德比
B组,波黑,中场,阿马尔·梅米奇,比尔森胜利
B组,波黑,中场,阿尔明·吉戈维奇,年轻人
B组,波黑,中场,克里姆·阿拉伊贝戈维奇,萨尔茨堡红牛
B组,波黑,前锋,埃斯米尔·巴里亚克塔雷维奇,埃因霍温
B组,波黑,前锋,埃尔梅丁·德米罗维奇,斯图加特
B组,波黑,前锋,约沃·卢基奇,克卢日大学
B组,波黑,前锋,萨梅德·巴日达尔,雅盖隆尼亚
B组,波黑,前锋,哈里斯·塔巴科维奇,门兴格拉德巴赫
B组,波黑,前锋,埃丁·哲科,沙尔克04
B组,卡塔尔,门将,马穆德·阿布纳德,赖扬
B组,卡塔尔,门将,梅萨尔·巴沙姆,多哈萨德
B组,卡塔尔,门将,萨拉赫·扎卡里亚,杜海勒
B组,卡塔尔,后卫,阿尤布·阿莱维,加拉法
B组,卡塔尔,后卫,布阿莱姆·胡希,多哈萨德
B组,卡塔尔,后卫,霍曼·艾哈迈德,莱昂内萨
B组,卡塔尔,后卫,卢卡斯·门德斯,沃克拉
B组,卡塔尔,后卫,伊萨·拉耶,卢塞尔SC
B组,卡塔尔,后卫,佩德罗·米格尔,多哈萨德
B组,卡塔尔,后卫,苏丹·布雷克,杜海勒
B组,卡塔尔,后卫,阿尔·哈希米·阿尔·侯赛因,阿拉比SC
B组,卡塔尔,中场,阿西姆·马迪博,沃克拉
B组,卡塔尔,中场,阿卜杜勒阿齐兹·哈特姆,赖扬
B组,卡塔尔,中场,艾哈迈德·法特希,阿拉比SC
B组,卡塔尔,中场,卡里姆·布迪亚夫,杜海勒
B组,卡塔尔,中场,贾西姆·阿卜杜勒萨拉姆,赖扬
B组,卡塔尔,中场,穆罕默德·马奈,北方体育
B组,卡塔尔,前锋,艾哈迈德·贾内希,加拉法
B组,卡塔尔,前锋,艾哈迈德·阿拉丁,赖扬
B组,卡塔尔,前锋,阿克拉姆·阿菲夫,多哈萨德
B组,卡塔尔,前锋,埃莫兹·阿里,杜海勒
B组,卡塔尔,前锋,埃迪米森,杜海勒
B组,卡塔尔,前锋,哈桑·艾尔·海多斯,多哈萨德
B组,卡塔尔,前锋,穆罕默德·蒙塔里,加拉法
B组,卡塔尔,前锋,塔辛·穆罕默德·贾姆希德,海勒
B组,卡塔尔,前锋,优素福·阿卜杜里萨格,沃克拉体育
B组,瑞士,门将,科贝尔,多特蒙德
B组,瑞士,门将,姆沃戈,洛里昂
B组,瑞士,门将,凯勒,年轻人
B组,瑞士,后卫,阿坎吉,国际米兰
B组,瑞士,后卫,埃尔维迪,门兴格拉德巴赫
B组,瑞士,后卫,穆海姆,汉堡
B组,瑞士,后卫,里卡多·罗德里格斯,贝蒂斯/塞维利亚
B组,瑞士,后卫,威德默,美因茨
B组,瑞士,后卫,雅克,斯图加特
B组,瑞士,后卫,阿曼达,法兰克福
B组,瑞士,后卫,科默特,瓦伦西亚
B组,瑞士,中场,扎卡,桑德兰
B组,瑞士,中场,曼赞比,弗赖堡
B组,瑞士,中场,弗鲁勒,博洛尼亚
B组,瑞士,中场,扎卡里亚,摩纳哥
B组,瑞士,中场,亚沙里,AC米兰
B组,瑞士,中场,索乌,塞维利亚
B组,瑞士,中场,埃比舍尔,比萨
B组,瑞士,中场,法比安·里德,奥格斯堡
B组,瑞士,前锋,鲁本·巴尔加斯,塞维利亚
B组,瑞士,前锋,恩博洛,雷恩
B组,瑞士,前锋,奥卡福,利兹联
B组,瑞士,前锋,恩多耶,诺丁汉森林
B组,瑞士,前锋,阿姆杜尼,伯恩利
B组,瑞士,前锋,塞德里克·埃滕,杜塞尔多夫
B组,瑞士,前锋,法斯纳赫特,伯尔尼年轻人
C组,巴西,门将,阿利松,利物浦
C组,巴西,门将,埃德松,费内巴切
C组,巴西,门将,韦弗顿,格雷米奥
C组,巴西,后卫,阿莱克斯·桑德罗,弗拉门戈
C组,巴西,后卫,布雷默,尤文图斯
C组,巴西,后卫,达尼洛,弗拉门戈
C组,巴西,后卫,道格拉斯·桑托斯,泽尼特
C组,巴西,后卫,加布里埃尔,阿森纳
C组,巴西,后卫,里奥·佩雷拉,弗拉门戈
C组,巴西,后卫,马尔基尼奥斯,巴黎圣日耳曼
C组,巴西,后卫,罗杰·伊巴涅斯,吉达国民
C组,巴西,中场,吉马良斯,纽卡斯尔
C组,巴西,中场,卡塞米罗,曼联
C组,巴西,中场,达尼洛·桑托斯,博塔弗戈
C组,巴西,中场,法比尼奥,吉达联合
C组,巴西,中场,帕奎塔,弗拉门戈
C组,巴西,中场,埃德松,亚特兰大
C组,巴西,前锋,恩德里克,里昂
C组,巴西,前锋,马丁内利,阿森纳
C组,巴西,前锋,伊戈尔·蒂亚戈,布伦特福德
C组,巴西,前锋,路易斯·恩里克,泽尼特
C组,巴西,前锋,库尼亚,曼联
C组,巴西,前锋,内马尔,桑托斯
C组,巴西,前锋,拉菲尼亚,巴萨
C组,巴西,前锋,拉扬,伯恩茅斯
C组,巴西,前锋,维尼修斯,皇马
C组,摩洛哥,门将,布努,利雅得新月
C组,摩洛哥,门将,穆尼尔·穆罕默德,贝尔卡尼
C组,摩洛哥,门将,塔格诺提,拉巴特皇家武裝
C组,摩洛哥,后卫,马兹拉维,曼联
C组,摩洛哥,后卫,萨拉赫·埃丁,埃因霍温
C组,摩洛哥,后卫,贝拉马里,拉加竞技
C组,摩洛哥,后卫,阿格德,马赛
C组,摩洛哥,后卫,里亚德,水晶宫
C组,摩洛哥,后卫,迪奥普,富勒姆
C组,摩洛哥,后卫,哈尔哈尔,梅赫伦
C组,摩洛哥,后卫,阿什拉夫,巴黎
C组,摩洛哥,后卫,埃尔瓦赫迪,亨克
C组,摩洛哥,中场,穆拉贝特,斯特拉斯堡
C组,摩洛哥,中场,布阿迪,里尔
C组,摩洛哥,中场,艾纳维,罗马
C组,摩洛哥,中场,阿姆拉巴特,贝蒂斯
C组,摩洛哥,中场,奥纳西,赫罗纳
C组,摩洛哥,中场,埃尔哈努斯,斯图加特
C组,摩洛哥,中场,塞巴里,埃因霍温
C组,摩洛哥,前锋,阿布德,贝蒂斯
C组,摩洛哥,前锋,塔尔比,桑德兰
C组,摩洛哥,前锋,拉希米,阿尔艾因
C组,摩洛哥,前锋,卡埃比,奥林匹亚科斯
C组,摩洛哥,前锋,布拉欣·迪亚斯,皇马
C组,摩洛哥,前锋,亚辛,斯特拉斯堡
C组,摩洛哥,前锋,阿迈穆尼-埃奇古亚布,法兰克福
C组,海地,门将,普拉西德,巴斯蒂亚
C组,海地,门将,杜弗格,科布伦茨宇宙
C组,海地,门将,亚历山大·皮埃尔,索肖
C组,海地,后卫,阿库斯,昂热
C组,海地,后卫,波甘,祖尔特瓦勒海姆
C组,海地,后卫,里卡多·阿德,基多体育大学
C组,海地,后卫,杜维内,根特
C组,海地,后卫,德克鲁瓦,卢加诺
C组,海地,后卫,泰尔蒙西,伯尔尼年轻人二队
C组,海地,后卫,埃克斯派瑞斯,南锡
C组,海地,后卫,杜克·拉克鲁瓦,科罗拉多跃泉
C组,海地,后卫,梅图萨拉,科罗拉多跃泉
C组,海地,中场,多米尼克·西蒙,普雷绍夫塔特兰
C组,海地,中场,伍登斯基,维奥莱特竞技
C组,海地,中场,桑泰,埃尔帕索机车
C组,海地,中场,丹利,费城联合
C组,海地,中场,贝莱加德,狼队
C组,海地,前锋,卡西米尔,欧塞尔
C组,海地,前锋,纳宗,埃尔库莱斯
C组,海地,前锋,皮埃罗,里泽斯堡
C组,海地,前锋,迪德森,达拉斯 FC
C组,海地,前锋,普罗维登斯,阿尔梅勒城
C组,海地,前锋,福尔蒂内,维泽拉
C组,海地,前锋,伊西多,桑德兰
C组,海地,前锋,约瑟夫,费伦茨瓦罗斯
C组,海地,前锋,艾蒂安,多伦多
C组,苏格兰,门将,克雷格·戈登,哈茨
C组,苏格兰,门将,安格斯·冈恩,诺丁汉森林
C组,苏格兰,门将,利亚姆·凯利,流浪者
C组,苏格兰,后卫,格兰特·汉利,希伯尼安
C组,苏格兰,后卫,杰克·亨德利,达曼协作
C组,苏格兰,后卫,亚伦·希基,布伦特福德
C组,苏格兰,后卫,多米尼克·海厄姆,雷克瑟姆
C组,苏格兰,后卫,斯科特·麦肯纳,萨格勒布迪纳摩
C组,苏格兰,后卫,内森·帕特森,埃弗顿
C组,苏格兰,后卫,安东尼·拉尔斯顿,凯尔特人
C组,苏格兰,后卫,安迪·罗伯逊,利物浦
C组,苏格兰,后卫,约翰·苏塔尔,格拉斯哥流浪者
C组,苏格兰,后卫,基兰·蒂尔尼,凯尔特人
C组,苏格兰,中场,瑞安·克里斯蒂,伯恩茅斯
C组,苏格兰,中场,芬德利·库蒂斯,基尔马诺克
C组,苏格兰,中场,刘易斯·弗格森,博洛尼亚
C组,苏格兰,中场,本·多克,伯恩茅斯
C组,苏格兰,中场,泰勒·弗莱彻,曼联
C组,苏格兰,中场,约翰·麦金,阿斯顿维拉
C组,苏格兰,中场,肯尼·麦克莱恩,诺维奇
C组,苏格兰,中场,斯科特·麦克托米奈,那不勒斯
C组,苏格兰,前锋,切·亚当斯,都灵
C组,苏格兰,前锋,林顿·戴克斯,查尔顿竞技
C组,苏格兰,前锋,乔治·赫斯特,伊普斯维奇
C组,苏格兰,前锋,劳伦斯·尚克兰,哈茨
C组,苏格兰,前锋,罗斯·斯图尔特,南安普顿
D组,美国,门将,马特·特纳,新英格兰革命
D组,美国,门将,马特·弗里斯,纽约城
D组,美国,门将,克里斯·布雷迪,芝加哥火焰
D组,美国,后卫,理查兹,水晶宫
D组,美国,后卫,蒂姆·里姆,夏洛特FC
D组,美国,后卫,麦肯齐,图卢兹
D组,美国,后卫,特鲁斯蒂,凯尔特人
D组,美国,后卫,迈尔斯·罗宾逊,辛辛那提
D组,美国,后卫,安东尼·罗宾逊,富勒姆
D组,美国,后卫,德斯特,埃因霍温
D组,美国,后卫,弗里曼,比利亚雷亚尔
D组,美国,后卫,斯卡利,门兴
D组,美国,后卫,阿夫斯坦,哥伦布机员
D组,美国,中场,亚当斯,伯恩茅斯
D组,美国,中场,麦肯尼,尤文图斯
D组,美国,中场,罗尔丹,西雅图海湾人
D组,美国,中场,伯哈尔特,温哥华白浪
D组,美国,中场,亚历杭德罗·曾德哈斯,墨西哥美洲
D组,美国,中场,蒂尔曼,勒沃库森
D组,美国,中场,阿隆森,利兹联
D组,美国,前锋,普利西奇,AC米兰
D组,美国,前锋,蒂莫西·维阿,马赛
D组,美国,前锋,吉奥·雷纳,门兴
D组,美国,前锋,巴洛贡,摩纳哥
D组,美国,前锋,佩皮,埃因霍温
D组,美国,前锋,哈伊·赖特,考文垂
D组,巴拉圭,门将,奥兰多·吉尔,圣洛伦索
D组,巴拉圭,门将,加斯东·奥利韦拉,奥林匹亚
D组,巴拉圭,门将,加蒂托·费尔南德斯,波特诺山丘
D组,巴拉圭,后卫,胡安·卡塞雷斯,莫斯科迪纳摩
D组,巴拉圭,后卫,何塞·卡纳莱,拉努斯
D组,巴拉圭,后卫,法比安·巴尔武埃纳,格雷米奥
D组,巴拉圭,后卫,奥马尔·阿尔德雷特,桑德兰
D组,巴拉圭,后卫,古斯塔沃·戈麦斯,帕尔梅拉斯
D组,巴拉圭,后卫,亚历杭德罗·迈达纳,塔列雷斯
D组,巴拉圭,后卫,儒尼奥尔·阿隆索,米内罗竞技
D组,巴拉圭,后卫,古斯塔沃·贝拉斯克斯,波特诺山丘
D组,巴拉圭,中场,布拉扬·奥赫达,奥兰多城
D组,巴拉圭,中场,达米安·博瓦迪利亚,圣保罗
D组,巴拉圭,中场,安德烈斯·库巴斯,温哥华白浪
D组,巴拉圭,中场,迭戈·戈麦斯,布莱顿
D组,巴拉圭,中场,亚历杭德罗·罗梅罗·加马拉,艾因
D组,巴拉圭,中场,毛里西奥,帕尔梅拉斯
D组,巴拉圭,中场,马蒂亚斯·加拉尔萨,亚特兰大联
D组,巴拉圭,前锋,古斯塔沃·卡瓦列罗,朴茨茅斯
D组,巴拉圭,前锋,加夫列尔·阿瓦洛斯,独立
D组,巴拉圭,前锋,伊西德罗·皮塔,布拉甘蒂诺红牛
D组,巴拉圭,前锋,亚历克斯·阿尔塞,独立
D组,巴拉圭,前锋,胡利奥·恩西索,斯特拉斯堡
D组,巴拉圭,前锋,安东尼奥·萨纳夫里亚,克雷莫内塞
D组,巴拉圭,前锋,米格尔·阿尔米隆,亚特兰大联
D组,巴拉圭,前锋,拉蒙·索萨,帕尔梅拉斯
D组,澳大利亚,门将,帕特里克·比奇,墨尔本城
D组,澳大利亚,门将,保罗·伊佐,兰纳斯
D组,澳大利亚,门将,瑞安,莱万特
D组,澳大利亚,后卫,阿齐兹·贝希奇,墨尔本城
D组,澳大利亚,后卫,乔丹·博斯,费耶诺德
D组,澳大利亚,后卫,卡梅隆·伯吉斯,斯旺西
D组,澳大利亚,后卫,亚历山德罗·西卡蒂,帕尔马
D组,澳大利亚,后卫,米洛斯·迪基尼克,希腊人竞技
D组,澳大利亚,后卫,杰森·杰里亚,新泻天鹅
D组,澳大利亚,后卫,卢卡斯·赫林顿,科罗拉多急流
D组,澳大利亚,后卫,伊塔利亚诺,格拉茨AK
D组,澳大利亚,后卫,哈利·苏塔尔,莱斯特城
D组,澳大利亚,后卫,凯·特里温,纽约城
D组,澳大利亚,中场,卡梅隆·德夫林,哈茨
D组,澳大利亚,中场,阿伊丁·赫鲁斯蒂奇,赫拉克勒斯
D组,澳大利亚,中场,杰克逊·欧文,圣保利
D组,澳大利亚,中场,康纳·梅特卡夫,圣保利
D组,澳大利亚,中场,保罗·奥康-恩斯特勒,悉尼FC
D组,澳大利亚,中场,奥尼尔,纽约城
D组,澳大利亚,前锋,伊兰昆达,沃特福德
D组,澳大利亚,前锋,马修·莱基,墨尔本城
D组,澳大利亚,前锋,奥尔·马比尔,卡斯迪隆
D组,澳大利亚,前锋,穆罕默德·图雷,诺维奇
D组,澳大利亚,前锋,尼山·韦卢皮莱,墨尔本胜利
D组,澳大利亚,前锋,克里斯蒂安·沃尔帕托,萨索洛
D组,澳大利亚,前锋,特特·延吉,町田泽维亚
D组,土耳其,门将,阿勒泰·巴延德尔,曼联
D组,土耳其,门将,默特·古诺克,费内巴切
D组,土耳其,门将,乌古尔坎·恰基尔,加拉塔萨雷
D组,土耳其,后卫,瑟云聚,费内巴切
D组,土耳其,后卫,阿卜杜勒克里姆·巴尔达克彻,加拉塔萨雷
D组,土耳其,后卫,埃伦·埃尔马利,加拉塔萨雷
D组,土耳其,后卫,卡迪奥卢,布莱顿
D组,土耳其,后卫,德米拉尔,吉达国民
D组,土耳其,后卫,默特·穆尔杜,费内巴切
D组,土耳其,后卫,卡巴克,霍芬海姆
D组,土耳其,后卫,泽基·切利克,罗马
D组,土耳其,后卫,萨梅特·阿卡丁,里泽斯堡
D组,土耳其,中场,恰尔汗奥卢,国际米兰
D组,土耳其,中场,伊斯梅尔·尤克塞克,费内巴切
D组,土耳其,中场,卡安·艾汗,加拉塔萨雷
D组,土耳其,中场,厄兹詹,多特蒙德
D组,土耳其,中场,奥尔奎·科克库,贝西克塔斯
D组,土耳其,前锋,居莱尔,皇家马德里
D组,土耳其,前锋,巴勒什·阿尔佩尔·伊尔马兹,加拉塔萨雷
D组,土耳其,前锋,乌尊,法兰克福
D组,土耳其,前锋,德尼兹·居尔,波尔图
D组,土耳其,前锋,卡维奇,卡斯帕萨
D组,土耳其,前锋,凯南·伊尔迪兹,尤文图斯
D组,土耳其,前锋,阿克蒂尔克奥卢,费内巴切
D组,土耳其,前锋,尤努斯·阿克金,加拉塔萨雷
D组,土耳其,前锋,奥古兹·艾丁,费内巴切
E组,德国,门将,奥利弗·鲍曼,霍芬海姆
E组,德国,门将,诺伊尔,拜仁慕尼黑
E组,德国,门将,努贝尔,斯图加特
E组,德国,防守端,瓦尔德马·安东,多特蒙德
E组,德国,防守端,纳撒尼尔·布朗,法兰克福
E组,德国,防守端,格罗斯,布莱顿
E组,德国,防守端,基米希,拜仁慕尼黑
E组,德国,防守端,菲利克斯·恩梅查,多特蒙德
E组,德国,防守端,帕夫洛维奇,拜仁慕尼黑
E组,德国,防守端,大卫·劳姆,RB莱比锡
E组,德国,防守端,吕迪格,皇家马德里
E组,德国,防守端,施洛特贝克,多特蒙德
E组,德国,防守端,斯蒂勒,斯图加特
E组,德国,防守端,塔,拜仁慕尼黑
E组,德国,防守端,佳夫,纽卡斯尔
E组,德国,进攻端,马克西米利安·拜尔,多特蒙德
E组,德国,进攻端,格雷茨卡,拜仁慕尼黑
E组,德国,进攻端,哈弗茨,阿森纳
E组,德国,进攻端,韦德拉奥果,莱比锡
E组,德国,进攻端,亚米·莱韦林,斯图加特
E组,德国,进攻端,穆西亚拉,拜仁慕尼黑
E组,德国,进攻端,翁达夫,斯图加特
E组,德国,进攻端,维尔茨,利物浦
E组,德国,进攻端,沃尔特马德,纽卡斯尔
E组,德国,进攻端,纳迪姆·阿米里,美因茨
E组,德国,进攻端,萨内,加拉塔萨雷
E组,库拉索,门将,埃洛伊·罗姆,迈阿密FC
E组,库拉索,门将,特雷弗·杜恩布什,芬洛
E组,库拉索,门将,泰里克·波达克,泰尔斯达
E组,库拉索,后卫,里奇德利·巴佐尔,科尼亚体育
E组,库拉索,后卫,乔舒亚·布勒内,开塞利体育
E组,库拉索,后卫,罗申·范艾玛,瓦尔韦克
E组,库拉索,后卫,谢雷尔·弗洛拉努斯,兹沃勒
E组,库拉索,后卫,德韦伦·丰维尔,奈梅亨
E组,库拉索,后卫,朱利安·加里,艾卜哈
E组,库拉索,后卫,阿曼多·奥比斯波,埃因霍温
E组,库拉索,后卫,舒兰迪·桑博,斯巴达鹿特丹
E组,库拉索,中场,阿亚尼·马尔塔,罗瑟勒姆
E组,库拉索,中场,戈德弗里德·罗默拉托,瓦尔韦克
E组,库拉索,中场,利瓦诺·科梅内西亚,苏黎世
E组,库拉索,中场,儒尼尼奥·巴库纳,福伦丹
E组,库拉索,中场,莱安多·巴库纳,厄德尔
E组,库拉索,中场,泰瑞斯·诺斯林,特尔斯达
E组,库拉索,中场,凯文·费利达,邓伯什
E组,库拉索,前锋,杰里米·安东尼斯,基菲萨
E组,库拉索,前锋,于尔根·洛卡迪亚,迈阿密FC
E组,库拉索,前锋,肯吉·戈雷,马卡比海法
E组,库拉索,前锋,马格里沙,贝弗伦
E组,库拉索,前锋,松切·汉森,米堡
E组,库拉索,前锋,赫尔瓦内·卡斯塔内尔,丁加奴
E组,库拉索,前锋,陈达毅,谢菲尔德联
E组,库拉索,前锋,库沃斯,福伦丹
E组,科特迪瓦,门将,叶海亚·福法纳,里泽体育
E组,科特迪瓦,门将,穆罕默德·科内,沙勒罗瓦
E组,科特迪瓦,门将,阿尔邦·拉丰,帕纳辛纳科斯
E组,科特迪瓦,后卫,埃马纽埃尔·阿格巴杜,贝西克塔斯
E组,科特迪瓦,后卫,奥佩里,伊斯坦布尔
E组,科特迪瓦,后卫,奥斯曼·迪奥曼德,葡萄牙体育
E组,科特迪瓦,后卫,盖拉·杜埃,斯特拉斯堡
E组,科特迪瓦,后卫,吉兰·科南,吉尔维森特
E组,科特迪瓦,后卫,奥迪隆·科索努,亚特兰大
E组,科特迪瓦,后卫,埃万·恩迪卡,罗马
E组,科特迪瓦,后卫,威尔弗里德·辛戈,加拉塔萨雷
E组,科特迪瓦,中场,塞科·福法纳,波尔图
E组,科特迪瓦,中场,帕尔费,沙勒罗瓦
E组,科特迪瓦,中场,克里斯特·乌拉伊,特拉布宗体育
E组,科特迪瓦,中场,凯西,吉达国民
E组,科特迪瓦,中场,易卜拉欣·桑加雷,诺丁汉森林
E组,科特迪瓦,中场,塞里,马里博尔
E组,科特迪瓦,前锋,西蒙·阿丁格拉,桑德兰
E组,科特迪瓦,前锋,博尼,国米
E组,科特迪瓦,前锋,阿玛德·迪亚洛,曼联
E组,科特迪瓦,前锋,奥马尔·迪亚基特,色格拉布鲁日
E组,科特迪瓦,前锋,扬·迪奥曼德,RB莱比锡
E组,科特迪瓦,前锋,埃万·盖桑,阿斯顿维拉
E组,科特迪瓦,前锋,尼古拉·佩佩,比利亚雷亚尔
E组,科特迪瓦,前锋,巴祖马纳·图雷,霍芬海姆
E组,科特迪瓦,前锋,瓦希,尼斯
E组,厄瓜多尔,门将,加林德斯,飓风
E组,厄瓜多尔,门将,莫伊塞斯·拉米雷斯,基菲萨
E组,厄瓜多尔,门将,贡萨洛·瓦莱,基多体育大学
E组,厄瓜多尔,后卫,帕乔,巴黎
E组,厄瓜多尔,后卫,埃斯图皮尼安,AC米兰
E组,厄瓜多尔,后卫,因卡皮耶,阿森纳
E组,厄瓜多尔,后卫,安吉洛·普雷西亚多,米内罗竞技
E组,厄瓜多尔,后卫,菲利克斯·托雷斯,巴西国际
E组,厄瓜多尔,后卫,乔尔·奥多涅兹,布鲁日
E组,厄瓜多尔,后卫,哈克松·波罗索,蒂华纳
E组,厄瓜多尔,后卫,亚马尔·梅迪纳,亨克
E组,厄瓜多尔,中场,凯塞多,切尔西
E组,厄瓜多尔,中场,派斯,河床
E组,厄瓜多尔,中场,阿兰·弗兰科,米内罗竞技
E组,厄瓜多尔,中场,丹尼尔·卡斯蒂略,基多体育大学
E组,厄瓜多尔,中场,阿尔西瓦尔,山谷独立
E组,厄瓜多尔,中场,佩德罗·维特,墨西哥美洲狮
E组,厄瓜多尔,前锋,恩纳·瓦伦西亚,帕丘卡
E组,厄瓜多尔,前锋,阿兰·明达,米内罗竞技
E组,厄瓜多尔,前锋,约翰·叶博亚,威尼斯
E组,厄瓜多尔,前锋,安东尼·瓦伦西亚,安特卫普
E组,厄瓜多尔,前锋,乔迪·凯塞多,飓风
E组,厄瓜多尔,前锋,凯文·罗德里格斯,因巴布拉
E组,厄瓜多尔,前锋,阿雷瓦洛,斯图加特
E组,厄瓜多尔,前锋,尼尔松·安古洛,桑德兰
E组,厄瓜多尔,前锋,冈萨洛·普拉塔,弗拉门戈
F组,荷兰,门将,弗莱肯,勒沃库森
F组,荷兰,门将,鲁夫斯,桑德兰
F组,荷兰,门将,费布吕亨,布莱顿
F组,荷兰,后卫,阿克,曼城
F组,荷兰,后卫,范戴克,利物浦
F组,荷兰,后卫,邓弗里斯,国米
F组,荷兰,后卫,哈托,切尔西
F组,荷兰,后卫,范赫克,布莱顿
F组,荷兰,后卫,海特勒伊达,桑德兰
F组,荷兰,后卫,范德芬,热刺
F组,荷兰,后卫,马茨·维费尔,布莱顿
F组,荷兰,中场,赫拉芬贝赫,利物浦
F组,荷兰,中场,德容,巴萨
F组,荷兰,中场,库普梅纳斯,尤文
F组,荷兰,中场,赖因德斯,曼城
F组,荷兰,中场,德罗恩,亚特兰大
F组,荷兰,中场,蒂尔,埃因霍温
F组,荷兰,中场,昆滕·廷伯,马赛
F组,荷兰,前锋,布罗比,桑德兰
F组,荷兰,前锋,德佩,科林蒂安
F组,荷兰,前锋,加克波,利物浦
F组,荷兰,前锋,克鲁伊维特,伯恩茅斯
F组,荷兰,前锋,诺阿·朗,加拉塔萨雷/那不勒斯
F组,荷兰,前锋,马伦,罗马
F组,荷兰,前锋,萨默维尔,西汉姆联
F组,荷兰,前锋,韦霍斯特,阿贾克斯
F组,日本,门将,早川友基,鹿岛鹿角
F组,日本,门将,大迫敬介,广岛三箭
F组,日本,门将,铃木彩艳,帕尔马
F组,日本,后卫,长友佑都,FC东京
F组,日本,后卫,谷口彰悟,圣图尔登
F组,日本,后卫,板仓滉,阿贾克斯
F组,日本,后卫,渡边刚,费耶诺德
F组,日本,后卫,富安健洋,阿贾克斯
F组,日本,后卫,伊藤洋辉,拜仁慕尼黑
F组,日本,后卫,濑古步梦,勒阿弗尔
F组,日本,后卫,菅原由势,不莱梅
F组,日本,后卫,铃木淳之介,哥本哈根
F组,日本,中前场,远藤航,利物浦
F组,日本,中前场,伊东纯也,亨克
F组,日本,中前场,镰田大地,水晶宫
F组,日本,中前场,小川航基,奈梅亨
F组,日本,中前场,前田大然,凯尔特人
F组,日本,中前场,堂安律,法兰克福
F组,日本,中前场,上田绮世,费耶诺德
F组,日本,中前场,田中碧,利兹联
F组,日本,中前场,中村敬斗,兰斯
F组,日本,中前场,佐野海舟,美因茨
F组,日本,中前场,久保建英,皇家社会
F组,日本,中前场,铃木唯人,弗赖堡
F组,日本,中前场,盐贝健人,沃尔夫斯堡
F组,日本,中前场,后藤启介,圣图尔登
F组,瑞典,门将,维克多·约翰松,斯托克城
F组,瑞典,门将,克里斯托弗·诺德菲尔特,AIK索尔纳
F组,瑞典,门将,雅各布·维德尔·泽特斯特伦,德比郡
F组,瑞典,后卫,埃克达尔,伯恩利
F组,瑞典,后卫,加布里埃尔·古德蒙德森,利兹联
F组,瑞典,后卫,伊萨克·希恩,亚特兰大
F组,瑞典,后卫,赫尔曼·约翰松,达拉斯FC
F组,瑞典,后卫,古斯塔夫·拉格比尔克,布拉加
F组,瑞典,后卫,林德洛夫,阿斯顿维拉
F组,瑞典,后卫,埃里克·史密斯,圣保利
F组,瑞典,后卫,卡尔·斯塔费尔特,塞尔塔
F组,瑞典,后卫,埃利奥特·斯特劳德,米亚尔比
F组,瑞典,后卫,丹尼尔·斯文松,多特
F组,瑞典,中前场,塔哈·阿里,马尔默
F组,瑞典,中前场,亚辛·阿亚里,布莱顿
F组,瑞典,中前场,贝里瓦尔,热刺
F组,瑞典,中前场,亚历山大·伯恩哈德森,基尔
F组,瑞典,中前场,伊兰加,纽卡
F组,瑞典,中前场,约克雷斯,阿森纳
F组,瑞典,中前场,伊萨克,利物浦
F组,瑞典,中前场,加斯佩·卡尔斯特罗姆,乌迪内斯
F组,瑞典,中前场,古斯塔夫·尼尔松,布鲁日
F组,瑞典,中前场,本杰明·尼格伦,凯尔特人
F组,瑞典,中前场,肯·塞马,帕福斯
F组,瑞典,中前场,马蒂亚斯·斯万贝里,沃尔夫斯堡
F组,瑞典,中前场,贝斯福特·泽内利,圣吉罗斯
F组,突尼斯,门将,达门,斯法克斯
F组,突尼斯,门将,本·黑森,沙希尔
F组,突尼斯,门将,查马克,非洲人俱乐部
F组,突尼斯,后卫,塔尔比,洛里昂
F组,突尼斯,后卫,迪兰·布隆,塞尔维特
F组,突尼斯,后卫,雷基克,马里博尔
F组,突尼斯,后卫,阿鲁斯,卡斯帕萨
F组,突尼斯,后卫,齐卡维,蒙纳斯堤
F组,突尼斯,后卫,优素福・瓦莱里,年轻人
F组,突尼斯,后卫,内法蒂,北雪平
F组,突尼斯,后卫,阿布迪,尼斯
F组,突尼斯,后卫,哈米达,突尼斯希望
F组,突尼斯,中场,斯希里,法兰克福
F组,突尼斯,中场,马穆德,卢加诺
F组,突尼斯,中场,拉尼·赫迪拉,柏林联合
F组,突尼斯,中场,汉尼拔·梅布里,伯恩利
F组,突尼斯,中场,斯里曼尼,诺维奇
F组,突尼斯,中场,乌安奈斯,卡斯帕萨
F组,突尼斯,中场,哈尔比,奥格斯堡
F组,突尼斯,前锋,阿亚里,巴黎
F组,突尼斯,前锋,图内克提,凯尔特人
F组,突尼斯,前锋,阿乔里,哥本哈根
F组,突尼斯,前锋,查瓦,非洲人
F组,突尼斯,前锋,马斯图里,安郅马哈奇卡拉
F组,突尼斯,前锋,萨德,汉诺威96
F组,突尼斯,前锋,埃卢米,温哥华白浪
G组,比利时,门将,库尔图瓦,皇马
G组,比利时,门将,拉门斯,曼联
G组,比利时,门将,彭德斯,斯特拉斯堡
G组,比利时,后卫,卡斯塔涅,富勒姆
G组,比利时,后卫,德巴斯特,葡萄牙体育
G组,比利时,后卫,德屈佩,布莱顿
G组,比利时,后卫,德温特,AC米兰
G组,比利时,后卫,梅赫莱,布鲁日
G组,比利时,后卫,穆尼耶,里尔
G组,比利时,后卫,恩戈伊,里尔
G组,比利时,后卫,塞伊斯,布鲁日
G组,比利时,后卫,泰特,法兰克福
G组,比利时,中场,德布劳内,那不勒斯
G组,比利时,中场,阿马杜·奥纳纳,维拉
G组,比利时,中场,拉斯坎,流浪者
G组,比利时,中场,蒂莱曼斯,维拉
G组,比利时,中场,瓦纳肯,布鲁日
G组,比利时,中场,维特塞尔,赫罗纳
G组,比利时,前锋,德凯特拉雷,亚特兰大
G组,比利时,前锋,多库,曼城
G组,比利时,前锋,马蒂亚斯·费尔南德斯-帕尔多,里尔
G组,比利时,前锋,卢卡库,那不勒斯
G组,比利时,前锋,卢克巴基奥,本菲卡
G组,比利时,前锋,迭戈·莫雷拉,斯特拉斯堡
G组,比利时,前锋,萨勒马科尔斯,AC米兰
G组,比利时,前锋,特罗萨德,阿森纳
G组,埃及,门将,穆罕默德·谢纳维,开罗国民
G组,埃及,门将,肖贝尔,开罗国民
G组,埃及,门将,索利曼,艾德瀚德
G组,埃及,门将,穆罕默德·阿拉,艾尔格纳
G组,埃及,后卫,穆罕默德·哈尼,开罗国民
G组,埃及,后卫,塔里克·阿拉,泽德
G组,埃及,后卫,哈姆迪·法蒂,沃克拉
G组,埃及,后卫,拉米·拉比亚,艾因
G组,埃及,后卫,易卜拉欣,开罗国民
G组,埃及,后卫,阿卜杜勒马吉德,扎马雷克
G组,埃及,后卫,阿卜杜勒穆奈姆,尼斯
G组,埃及,后卫,法图赫,扎马雷克
G组,埃及,后卫,哈菲兹,金字塔
G组,埃及,中场,阿提亚,开罗国民
G组,埃及,中场,穆罕纳德·拉辛,金字塔
G组,埃及,中场,纳比勒·伊马德,纳杰马体育
G组,埃及,中场,萨比尔,泽德
G组,埃及,中场,齐佐,开罗国民
G组,埃及,中场,特雷泽盖,开罗国民
G组,埃及,中场,阿舒尔,开罗国民
G组,埃及,中场,穆斯塔法·济科,金字塔
G组,埃及,中场,阿德尔,北西兰
G组,埃及,中场,海瑟姆·哈桑,奥维耶多
G组,埃及,中场,萨拉赫,利物浦
G组,埃及,前锋,马尔穆什,曼城
G组,埃及,前锋,阿卜杜勒卡里姆,巴萨U19
G组,伊朗,门将,阿里雷萨·贝兰万德,大不里士拖拉机
G组,伊朗,门将,侯赛因·侯赛尼,塞帕罕
G组,伊朗,门将,帕亚姆·尼亚曼德,波斯波利斯
G组,伊朗,后卫,达尼亚尔·埃里,马拉皖
G组,伊朗,后卫,哈吉萨菲,塞帕罕
G组,伊朗,后卫,萨利赫·哈达尼,德黑兰独立
G组,伊朗,后卫,侯赛因·卡纳尼,波斯波利斯
G组,伊朗,后卫,舒贾·哈利勒扎德,大不里士拖拉机
G组,伊朗,后卫,米拉德·穆罕默迪,波斯波利斯
G组,伊朗,后卫,阿里·内马蒂,胡齐斯坦钢铁
G组,伊朗,后卫,拉明·雷扎伊扬,胡齐斯坦钢铁
G组,伊朗,中场,鲁兹贝·切什米,德黑兰独立
G组,伊朗,中场,赛义德·埃扎托拉希,迪拜国民
G组,伊朗,中场,迈赫迪·加耶迪,卡尔巴联合
G组,伊朗,中场,萨曼·戈多斯,卡尔巴联合
G组,伊朗,中场,穆罕默德·戈尔巴尼,阿布扎比统一
G组,伊朗,中场,阿里莱扎·贾汉巴赫什,登德
G组,伊朗,中场,穆罕默德·莫赫比,罗斯托夫
G组,伊朗,中场,阿米尔穆罕默德·拉扎格尼亚,德黑兰独立
G组,伊朗,中场,梅迪·托拉比,大不里士拖拉机
G组,伊朗,中场,阿丽亚·尤素菲,塞帕罕
G组,伊朗,前锋,阿里·阿利普尔,波斯波利斯
G组,伊朗,前锋,丹尼斯·埃克特,标准列日
G组,伊朗,前锋,阿米尔侯赛因·侯赛因扎德,大不里士拖拉机
G组,伊朗,前锋,梅赫迪·塔雷米,奥林匹亚科斯
G组,伊朗,前锋,沙赫里亚尔·莫汉卢,卡尔巴联合
G组,新西兰,门将,马克斯·克罗科姆,米尔沃尔
G组,新西兰,门将,亚历克斯·保尔森,格但斯克莱希亚
G组,新西兰,门将,迈克尔·沃德,奥克兰FC
G组,新西兰,后卫,蒂姆·佩恩,惠灵顿凤凰
G组,新西兰,后卫,弗朗西斯·德弗里斯,奥克兰FC
G组,新西兰,后卫,宾登·泰勒,谢菲尔德联
G组,新西兰,后卫,米切尔·伯克萨尔,明尼苏达联
G组,新西兰,后卫,卡卡塞,雷克瑟姆
G组,新西兰,后卫,南多·派纳克,奥克兰FC
G组,新西兰,后卫,苏尔曼,波特兰伐木工
G组,新西兰,后卫,本·奥尔德,维尔港
G组,新西兰,后卫,卡兰·埃利奥特,奥克兰FC
G组,新西兰,后卫,汤米·史密斯,布伦特里
G组,新西兰,中场,乔·贝尔,维京
G组,新西兰,中场,马修·加伯特,彼得堡联
G组,新西兰,中场,马科·斯特梅克,斯旺西
G组,新西兰,中场,萨普里特·辛格,惠灵顿凤凰
G组,新西兰,中场,鲁费,惠灵顿凤凰
G组,新西兰,中场,卡勒姆·麦考瓦特,施克堡
G组,新西兰,中场,瑞安·托马斯,兹沃勒
G组,新西兰,中场,拉克兰·贝利斯,纽卡斯尔喷气机
G组,新西兰,前锋,克里斯·伍德,诺丁汉森林
G组,新西兰,前锋,伊利亚·贾斯特,马瑟韦尔
G组,新西兰,前锋,巴巴洛塞斯,西悉尼流浪者
G组,新西兰,前锋,本·韦恩,维尔港
G组,新西兰,前锋,杰西·兰德尔,奥克兰FC
H组,西班牙,门将,乌奈·西蒙,毕尔巴鄂竞技
H组,西班牙,门将,大卫·拉亚,阿森纳
H组,西班牙,门将,霍安·加西亚,巴萨
H组,西班牙,后卫,库库雷利亚,切尔西
H组,西班牙,后卫,格里马尔多,勒沃库森
H组,西班牙,后卫,库巴西,巴萨
H组,西班牙,后卫,拉波尔特,毕尔巴鄂竞技
H组,西班牙,后卫,普比尔,马竞
H组,西班牙,后卫,埃里克·加西亚,巴萨
H组,西班牙,后卫,马科斯·略伦特,马竞
H组,西班牙,后卫,波罗,热刺
H组,西班牙,中场,佩德里,巴萨
H组,西班牙,中场,法比安,巴黎
H组,西班牙,中场,苏维门迪,阿森纳
H组,西班牙,中场,加维,巴萨
H组,西班牙,中场,罗德里,曼城
H组,西班牙,中场,巴埃纳,马竞
H组,西班牙,中场,梅里诺,阿森纳
H组,西班牙,前锋,奥亚萨瓦尔,皇家社会
H组,西班牙,前锋,奥尔莫,巴萨
H组,西班牙,前锋,尼科·威廉姆斯,毕尔巴鄂竞技
H组,西班牙,前锋,耶雷米·皮诺,水晶宫
H组,西班牙,前锋,费兰·托雷斯,巴萨
H组,西班牙,前锋,博尔哈·伊格莱西亚斯,塞尔塔
H组,西班牙,前锋,维克托·穆尼奥斯,奥萨苏纳
H组,西班牙,前锋,亚马尔,巴萨
H组,佛得角,门将,沃津哈,
H组,佛得角,门将,马西奥·罗萨,
H组,佛得角,门将,卡洛斯·多斯·桑托斯,
H组,佛得角,后卫,史蒂芬·莫雷拉,
H组,佛得角,后卫,瓦格纳·皮纳,
H组,佛得角,后卫,若昂·保罗·莫雷拉·费尔南德斯,
H组,佛得角,后卫,西德尼·洛佩斯·卡布拉尔,
H组,佛得角,后卫,洛根·科斯塔,
H组,佛得角,后卫,罗拔图·洛佩兹,
H组,佛得角,后卫,凯尔文·皮雷斯,
H组,佛得角,后卫,托皮拉,
H组,佛得角,后卫,迪内-博格斯,
H组,佛得角,中场,杰米罗·蒙特罗,
H组,佛得角,中场,特尔莫·阿尔坎若,
H组,佛得角,中场,亚尼克·塞梅多,
H组,佛得角,中场,拉罗斯·杜亚特,
H组,佛得角,中场,德罗伊·杜亚特,
H组,佛得角,中场,凯文·皮纳,
H组,佛得角,前锋,瑞安·门德斯,
H组,佛得角,前锋,威利·塞梅多,
H组,佛得角,前锋,加里·罗德里格斯,
H组,佛得角,前锋,久瓦尼·卡布拉尔,
H组,佛得角,前锋,努诺·达科斯塔,
H组,佛得角,前锋,戴隆·利夫拉门托,
H组,佛得角,前锋,吉尔森·本希莫尔,
H组,佛得角,前锋,海里奥·瓦雷拉,
H组,沙特,门将,卡萨尔,胡拜尔库迪西亚
H组,沙特,门将,阿洛瓦伊斯,利雅得新月
H组,沙特,门将,阿奇迪,利雅得胜利
H组,沙特,后卫,阿卜杜勒哈米德,朗斯
H组,沙特,后卫,塔克里,胡拜尔库迪西亚
H组,沙特,后卫,阿姆里,利雅得胜利
H组,沙特,后卫,坦巴克蒂,利雅得新月
H组,沙特,后卫,拉贾米,利雅得新月
H组,沙特,后卫,卡迪什,吉达联合
H组,沙特,后卫,哈尔比,利雅得新月
H组,沙特,中场,马拉希,吉达国民
H组,沙特,中场,阿布沙马特,胡拜尔库迪西亚
H组,沙特,中场,阿尔乔汉尼,吉达国民
H组,沙特,中场,纳赛尔·多萨里,利雅得新月
H组,沙特,中场,卡努,利雅得新月
H组,沙特,中场,哈巴利,利雅得胜利
H组,沙特,中场,布沙尔,利雅得胜利
H组,沙特,前锋,哈姆丹,利雅得胜利
H组,沙特,前锋,加纳姆,达曼协作
H组,沙特,前锋,赫吉,新未来城
H组,沙特,前锋,朱瓦伊尔,胡拜尔库迪西亚
H组,沙特,前锋,曼达什,利雅得新月
H组,沙特,前锋,叶海亚,利雅得胜利
H组,沙特,前锋,布赖坎,吉达国民
H组,沙特,前锋,谢赫里,吉达联合
H组,沙特,前锋,萨利姆·多萨里,利雅得新月
H组,乌拉圭,门将,塞尔吉奥·罗切特,巴西国际
H组,乌拉圭,门将,费尔南多·穆斯莱拉,拉普拉塔大学生
H组,乌拉圭,门将,圣地亚哥·梅莱,蒙特雷
H组,乌拉圭,后卫,吉列尔莫·瓦雷拉,弗拉门戈
H组,乌拉圭,后卫,罗纳德·阿劳霍,巴塞罗那
H组,乌拉圭,后卫,何塞·马里亚·吉梅内斯,马德里竞技
H组,乌拉圭,后卫,圣地亚哥·布埃诺,狼队
H组,乌拉圭,后卫,塞巴斯蒂安·卡塞雷斯,墨西哥美洲
H组,乌拉圭,后卫,马蒂亚斯·奥利维拉,那不勒斯
H组,乌拉圭,后卫,华金·皮克雷斯,帕尔梅拉斯
H组,乌拉圭,后卫,马蒂亚斯·比尼亚,河床
H组,乌拉圭,中场,曼努埃尔·乌加特,曼联
H组,乌拉圭,中场,埃米里亚诺·马丁内斯,帕尔梅拉斯
H组,乌拉圭,中场,罗德里戈·本坦库尔,热刺
H组,乌拉圭,中场,费德里科·巴尔韦德,皇马
H组,乌拉圭,中场,奥古斯汀·卡诺比奥,弗卢米嫩塞
H组,乌拉圭,中场,胡安·萨纳布里亚,皇家盐湖城
H组,乌拉圭,中场,乔治亚·德·阿拉斯凯塔,弗拉门戈
H组,乌拉圭,中场,尼古拉斯·德拉克鲁兹,弗拉门戈
H组,乌拉圭,中场,罗德里戈·萨拉萨尔,布拉加
H组,乌拉圭,中场,法昆多·佩利斯特里,帕纳辛奈科斯
H组,乌拉圭,中场,马克西米利亚诺·阿劳霍,葡萄牙体育
H组,乌拉圭,中场,布莱恩·罗德里格斯,墨西哥美洲
H组,乌拉圭,前锋,努涅斯,利雅得新月
H组,乌拉圭,前锋,阿吉雷,老虎大学
H组,乌拉圭,前锋,比尼亚斯,奥维耶多
I组,法国,门将,迈尼昂,AC米兰
I组,法国,门将,桑巴,雷恩
I组,法国,门将,里塞,朗斯
I组,法国,后卫,于帕梅卡诺,拜仁
I组,法国,后卫,萨利巴,阿森纳
I组,法国,后卫,科纳特,利物浦
I组,法国,后卫,孔德,巴萨
I组,法国,后卫,卢卡斯·埃尔南德斯,巴黎
I组,法国,后卫,迪涅,维拉
I组,法国,后卫,古斯托,切尔西
I组,法国,后卫,特奥,利雅得新月
I组,法国,后卫,拉克鲁瓦,水晶宫
I组,法国,中场,拉比奥特,AC米兰
I组,法国,中场,琼阿梅尼,皇马
I组,法国,中场,坎特,费内巴切
I组,法国,中场,科内,罗马
I组,法国,中场,扎伊尔·埃梅里,巴黎
I组,法国,前锋,姆巴佩,皇马
I组,法国,前锋,登贝莱,巴黎
I组,法国,前锋,奥利塞,拜仁
I组,法国,前锋,谢尔基,曼城
I组,法国,前锋,杜埃,巴黎
I组,法国,前锋,巴尔科拉,巴黎
I组,法国,前锋,图拉姆,国米
I组,法国,前锋,阿克利乌舍,摩纳哥
I组,法国,前锋,马特塔,水晶宫
I组,塞内加尔,门将,爱德华·门迪,吉达国民
I组,塞内加尔,门将,莫里·迪奥,勒阿弗尔
I组,塞内加尔,门将,耶旺恩·迪乌夫,尼斯
I组,塞内加尔,后卫,库利巴利,利雅得新月
I组,塞内加尔,后卫,穆萨·尼亚卡泰,里昂
I组,塞内加尔,后卫,马马杜·萨尔,切尔西
I组,塞内加尔,后卫,阿卜杜拉耶·塞克,海法马卡比
I组,塞内加尔,后卫,克雷平·迪亚塔,摩纳哥
I组,塞内加尔,后卫,安托万·门迪,尼斯
I组,塞内加尔,后卫,埃尔·哈吉·马利克·迪乌夫,西汉姆联
I组,塞内加尔,后卫,伊斯梅尔·雅各布斯,加拉塔萨雷
I组,塞内加尔,中场,伊德里萨·盖耶,埃弗顿
I组,塞内加尔,中场,帕佩·盖耶,比利亚雷亚尔
I组,塞内加尔,中场,拉明·卡马拉,摩纳哥
I组,塞内加尔,中场,哈比卜·迪亚拉,桑德兰
I组,塞内加尔,中场,帕特·西斯,巴列卡诺
I组,塞内加尔,中场,帕佩·萨尔,热刺
I组,塞内加尔,中场,巴拉·萨波科·恩迪亚耶,拜仁
I组,塞内加尔,前锋,萨迪奥·马内,利雅得胜利
I组,塞内加尔,前锋,伊斯梅拉·萨尔,水晶宫
I组,塞内加尔,前锋,伊利曼·恩迪亚耶,埃弗顿
I组,塞内加尔,前锋,阿萨尼·迪奥,科莫
I组,塞内加尔,前锋,易卜拉欣·姆巴耶,巴黎
I组,塞内加尔,前锋,尼古拉斯·杰克逊,拜仁
I组,塞内加尔,前锋,班巴·迪昂,洛里昂
I组,塞内加尔,前锋,谢里夫·恩迪亚耶,萨姆松体育
I组,伊拉克,门将,法哈德·塔利卜,巴格达空军
I组,伊拉克,门将,艾哈迈德·巴西勒,巴格达警察
I组,伊拉克,门将,贾拉尔·哈桑,扎瓦拉体育
I组,伊拉克,后卫,侯赛因·阿里,切什青波贡
I组,伊拉克,后卫,马纳夫·尤尼斯,巴格达警察
I组,伊拉克,后卫,扎伊德·塔辛,塔什干棉农
I组,伊拉克,后卫,雷宾·苏拉卡,泰港
I组,伊拉克,后卫,阿卡姆·哈希姆,扎瓦拉体育
I组,伊拉克,后卫,梅赫加斯·多斯基,比尔森胜利
I组,伊拉克,后卫,艾哈迈德·叶海亚,巴格达警察
I组,伊拉克,中场,扎伊德・伊斯梅尔,塔拉巴
I组,伊拉克,中场,阿米尔·阿玛里,克拉科维亚
I组,伊拉克,中场,凯文·雅各布,奥胡斯
I组,伊拉克,中场,齐达内·伊克巴尔,乌得勒支B队
I组,伊拉克,中场,艾马尔·谢尔,萨尔普斯堡
I组,伊拉克,中场,弗兰斯·普特罗斯,万隆
I组,伊拉克,中场,穆斯塔法·萨登,巴格达警察
I组,伊拉克,中场,优素福·阿明,AE拉纳卡
I组,伊拉克,中场,易卜拉欣·拜阿什,德哈法SCC
I组,伊拉克,前锋,艾哈迈德·卡塞姆,纳什维尔
I组,伊拉克,前锋,马科·法吉,威尼斯
I组,伊拉克,前锋,阿里·贾西姆,阿尔梅勒城
I组,伊拉克,前锋,阿里·阿尔哈马迪,卢顿
I组,伊拉克,前锋,阿里·优素福,塔拉巴
I组,伊拉克,前锋,埃曼·侯赛因,沃克拉体育
I组,伊拉克,前锋,莫哈纳德·阿里,阿尔富吉拉
I组,挪威,门将,伊恩·尼兰德,塞维利亚
I组,挪威,门将,塞尔维克,沃特福德
I组,挪威,门将,唐维克·桑德,汉堡
I组,挪威,后卫,克里斯托弗·阿耶尔,布伦特福德
I组,挪威,后卫,弗雷德里克·比约坎,博德闪耀
I组,挪威,后卫,亨里克·法尔切纳,维京
I组,挪威,后卫,桑德雷·朗格斯,德比郡
I组,挪威,后卫,托比约恩·赫格姆,博洛尼亚
I组,挪威,后卫,马库斯·霍姆格伦·佩德森,都灵
I组,挪威,后卫,朱利安·莱尔森,多特蒙德
I组,挪威,后卫,戴维·沃尔费,狼队
I组,挪威,后卫,莱奥·厄斯蒂高,热那亚
I组,挪威,中前场,阿尔茨加尔德,格拉斯哥流浪者
I组,挪威,中前场,奥瑟斯,本菲卡
I组,挪威,中前场,帕特里克·伯格,博德闪耀
I组,挪威,中前场,桑德·博格,富勒姆
I组,挪威,中前场,鲍勃,富勒姆
I组,挪威,中前场,海于格,博德闪耀
I组,挪威,中前场,努萨,莱比锡
I组,挪威,中前场,谢尔德鲁普,本菲卡
I组,挪威,中前场,托尔斯比,克雷莫内塞
I组,挪威,中前场,克里斯蒂安·托斯特维特,萨索洛
I组,挪威,中前场,厄德高,阿森纳
I组,挪威,中前场,哈兰德,曼城
I组,挪威,中前场,拉尔森,水晶宫
I组,挪威,中前场,瑟尔洛特,马竞
J组,阿根廷,门将,胡安·穆索,马德里竞技
J组,阿根廷,门将,格罗尼莫·鲁利,马赛
J组,阿根廷,门将,达米安·马丁内斯,阿斯顿维拉
J组,阿根廷,后卫,莱昂纳多·巴列尔迪,马赛
J组,阿根廷,后卫,尼古拉斯·塔利亚菲科,里昂
J组,阿根廷,后卫,冈萨洛·蒙铁尔,河床
J组,阿根廷,后卫,利桑德罗·马丁内斯,曼联
J组,阿根廷,后卫,克里斯蒂安·罗梅罗,热刺
J组,阿根廷,后卫,尼古拉斯·奥塔门迪,本菲卡
J组,阿根廷,后卫,法昆多·梅迪纳,马赛
J组,阿根廷,后卫,纳韦尔·莫利纳,马德里竞技
J组,阿根廷,中场,莱昂德罗·帕雷德斯,博卡青年
J组,阿根廷,中场,罗德里戈·德保罗,迈阿密国际
J组,阿根廷,中场,瓦伦丁·巴尔科,斯特拉斯堡
J组,阿根廷,中场,乔瓦尼·洛塞尔索,皇家贝蒂斯
J组,阿根廷,中场,埃塞克尔·帕拉西奥斯,勒沃库森
J组,阿根廷,中场,亚历克西斯·麦卡利斯特,利物浦
J组,阿根廷,中场,恩佐·费尔南德斯,切尔西
J组,阿根廷,前锋,阿尔瓦雷斯,马德里竞技
J组,阿根廷,前锋,梅西,迈阿密国际
J组,阿根廷,前锋,尼古拉斯·冈萨雷斯,马德里竞技
J组,阿根廷,前锋,蒂亚戈·阿尔马达,马德里竞技
J组,阿根廷,前锋,朱利亚诺·西蒙尼,马德里竞技
J组,阿根廷,前锋,尼科·帕斯,科莫
J组,阿根廷,前锋,若泽·曼努埃尔·洛佩斯,帕尔梅拉斯
J组,阿根廷,前锋,劳塔罗,国际米兰
J组,阿尔及利亚,门将,卢卡·齐达内,格拉纳达
J组,阿尔及利亚,门将,奥萨马·本布特,USM阿尔及尔
J组,阿尔及利亚,门将,梅尔文·马斯蒂尔,洛桑
J组,阿尔及利亚,后卫,拉菲克·贝尔加利,维罗纳
J组,阿尔及利亚,后卫,萨米尔·谢尔吉,巴黎FC
J组,阿尔及利亚,后卫,艾特-努里,曼城
J组,阿尔及利亚,后卫,加温·哈达姆,年轻人
J组,阿尔及利亚,后卫,艾沙·曼迪,里尔
J组,阿尔及利亚,后卫,拉米·本塞拜尼,多特蒙德
J组,阿尔及利亚,后卫,齐丁·贝莱德,USM阿尔及尔
J组,阿尔及利亚,后卫,阿赫雷夫·阿巴达,ASO车拉幅
J组,阿尔及利亚,后卫,阿明·图加伊,突尼斯希望
J组,阿尔及利亚,中场,纳比尔·本塔莱布,里尔
J组,阿尔及利亚,中场,希查姆·布达维,尼斯
J组,阿尔及利亚,中场,侯瑟姆·奥亚尔,吉达联合
J组,阿尔及利亚,中场,法雷斯·沙伊比,法兰克福
J组,阿尔及利亚,中场,易卜拉欣·马扎,勒沃库森
J组,阿尔及利亚,中场,亚辛·蒂特拉维,巴拉特
J组,阿尔及利亚,中场,拉米兹·泽罗基,特温特
J组,阿尔及利亚,前锋,穆罕穆德·阿穆拉,沃尔夫斯堡
J组,阿尔及利亚,前锋,艾哈迈德·纳迪尔·本布利,吉奥里
J组,阿尔及利亚,前锋,阿迪尔·布尔比纳,杜海勒
J组,阿尔及利亚,前锋,法雷斯·盖杰米斯,弗洛西诺内
J组,阿尔及利亚,前锋,阿明·古伊里,马赛
J组,阿尔及利亚,前锋,安尼斯·哈迪·穆萨,费耶诺德
J组,阿尔及利亚,前锋,里亚德·马赫雷斯,吉达国民
J组,奥地利,门将,亚历山大·施拉格,萨尔茨堡
J组,奥地利,门将,弗洛里安·维格勒,维多利亚比尔森
J组,奥地利,门将,帕特里克·彭茨,布隆德比
J组,奥地利,后卫,大卫·阿芬格鲁伯,埃尔切
J组,奥地利,后卫,凯文·丹索,托特纳姆热刺
J组,奥地利,后卫,斯蒂芬·波施,美因茨
J组,奥地利,后卫,大卫·阿拉巴,皇家马德里
J组,奥地利,后卫,菲利普·林哈特,弗赖堡
J组,奥地利,后卫,菲利普·姆维尼,美因茨
J组,奥地利,后卫,亚历山大·普拉斯,霍芬海姆
J组,奥地利,后卫,马尔科·弗里德尔,云达不来梅
J组,奥地利,中场,泽弗尔·施拉格,RB莱比锡
J组,奥地利,中场,尼古拉斯·塞沃尔德,RB莱比锡
J组,奥地利,中场,萨比策,多特蒙德
J组,奥地利,中场,弗洛里安·格里利奇,布拉加
J组,奥地利,中场,卡尔尼·丘库埃梅卡,多特蒙德
J组,奥地利,中场,罗马诺·施密德,云达不来梅
J组,奥地利,中场,克里斯托弗·鲍姆加特纳,RB莱比锡
J组,奥地利,中场,莱默,拜仁慕尼黑
J组,奥地利,中场,帕特里克·维默尔,沃尔夫斯堡
J组,奥地利,中场,保尔·万纳尔,埃因霍温
J组,奥地利,中场,米夏埃尔·斯沃博达,威尼斯
J组,奥地利,中场,阿里桑德罗·舍普夫,沃尔夫斯贝格
J组,奥地利,前锋,阿瑙托维奇,贝尔格莱德红星
J组,奥地利,前锋,米歇尔·格雷戈里施,奥格斯堡
J组,奥地利,前锋,萨萨·卡拉季奇,林茨
J组,约旦,门将,亚奇德·阿布拉伊拉,侯赛因
J组,约旦,门将,努雷丁·扎伊德,费萨里
J组,约旦,门将,阿卜杜拉·拉伊德·法霍里,瓦赫达特
J组,约旦,后卫,穆罕默德·阿布海塞,卡尔马
J组,约旦,后卫,阿卜杜拉·纳西布,扎瓦拉
J组,约旦,后卫,胡萨姆·阿布·达哈布,费萨里
J组,约旦,后卫,亚赞·阿拉伯,首尔FC
J组,约旦,后卫,穆罕默德·阿卜拉纳迪,雪兰莪
J组,约旦,后卫,萨利姆·奥贝德,侯赛因
J组,约旦,后卫,埃桑·哈达德,侯赛因
J组,约旦,后卫,阿纳斯·巴达维,费萨里
J组,约旦,中场,阿米尔·贾穆斯,扎瓦拉体育
J组,约旦,中场,努尔·阿尔·拉瓦德赫,雪兰莪
J组,约旦,中场,拉杰伊·阿耶德,侯赛因
J组,约旦,中场,易卜拉欣·萨德,亚吉拉安曼
J组,约旦,中场,穆罕默德·阿布·塔哈,安曼团结
J组,约旦,中场,尼扎尔·阿尔·拉什丹,卡塔尔SC
J组,约旦,中场,穆罕默德·达伍德,瓦赫达特
J组,约旦,前锋,穆罕默德·阿布·兹雷克,拉加竞技
J组,约旦,前锋,阿里·奥尔万,阿尔赛利亚
J组,约旦,前锋,穆萨·塔马里,雷恩
J组,约旦,前锋,奥德·法胡里,金字塔
J组,约旦,前锋,马赫穆德·阿尔·马尔迪,侯赛因
J组,约旦,前锋,易卜拉欣·萨布拉,萨格勒布火车头
J组,约旦,前锋,萨伊德·罗桑,侯赛因
J组,约旦,前锋,阿里·阿扎伊泽,利雅得青年人
K组,葡萄牙,门将,迪奥戈·科斯塔,波尔图
K组,葡萄牙,门将,若泽·萨,狼队
K组,葡萄牙,门将,鲁伊·席尔瓦,葡萄牙体育
K组,葡萄牙,后卫,迪奥戈·达洛特,曼联
K组,葡萄牙,后卫,马特乌斯·努内斯,曼城
K组,葡萄牙,后卫,塞梅多,费内巴切
K组,葡萄牙,后卫,坎塞洛,巴萨
K组,葡萄牙,后卫,努诺·门德斯,巴黎
K组,葡萄牙,后卫,贡萨洛·伊纳西奥,葡萄牙体育
K组,葡萄牙,后卫,雷纳托·韦加,比利亚雷亚尔
K组,葡萄牙,后卫,鲁本·迪亚斯,曼城
K组,葡萄牙,后卫,托马斯·阿劳若,本菲卡
K组,葡萄牙,中场,鲁本·内维斯,利雅得新月
K组,葡萄牙,中场,萨穆·科斯塔,马略卡
K组,葡萄牙,中场,若昂·内维斯,巴黎
K组,葡萄牙,中场,维蒂尼亚,巴黎
K组,葡萄牙,中场,布鲁诺·费尔南德斯,曼联
K组,葡萄牙,中场,贝尔纳多·席尔瓦,曼城
K组,葡萄牙,前锋,菲利克斯,利雅得胜利
K组,葡萄牙,前锋,特林康,葡萄牙体育
K组,葡萄牙,前锋,弗朗西斯科·孔塞桑,尤文
K组,葡萄牙,前锋,佩德罗·内托,切尔西
K组,葡萄牙,前锋,莱奥,AC米兰
K组,葡萄牙,前锋,贡萨洛·格德斯,皇家社会
K组,葡萄牙,前锋,贡萨洛·拉莫斯,巴黎
K组,葡萄牙,前锋,C罗,利雅得胜利
K组,民主刚果,门将,马修·恩波洛,标准列日
K组,民主刚果,门将,蒂莫西·法尤鲁,诺亚FC
K组,民主刚果,门将,莱昂内尔·姆帕西,勒阿弗尔
K组,民主刚果,后卫,迪朗·巴蒂班西卡,拉里萨
K组,民主刚果,后卫,洛基·布希里,希伯尼安
K组,民主刚果,后卫,热迪翁·卡卢卢,艾里斯利马斯素尔
K组,民主刚果,后卫,史蒂夫·卡普阿迪,维德祖罗兹
K组,民主刚果,后卫,乔里斯·卡耶姆贝,亨克
K组,民主刚果,后卫,亚瑟·马苏亚库,朗斯
K组,民主刚果,后卫,查塞尔·姆本巴,里尔
K组,民主刚果,后卫,阿克塞尔·图安泽贝,伯恩利
K组,民主刚果,后卫,万-比萨卡,西汉姆联
K组,民主刚果,中场,蒂奥·博格纳达,莫斯科斯巴达
K组,民主刚果,中场,布莱恩·齐蓬加,卡斯迪隆
K组,民主刚果,中场,梅沙克·埃利亚,阿拉尼亚体育
K组,民主刚果,中场,盖尔·卡库塔,拉里萨
K组,民主刚果,中场,埃多·卡耶姆贝,沃特福德
K组,民主刚果,中场,纳撒尼尔·姆布库,蒙彼利埃
K组,民主刚果,中场,萨穆埃尔·穆图萨米,阿特罗米托斯
K组,民主刚果,中场,恩加拉耶尔·穆考,里尔
K组,民主刚果,中场,查尔斯·皮克尔,西班牙人
K组,民主刚果,中场,诺亚·萨迪基,桑德兰
K组,民主刚果,前锋,巴坎布,皇家贝蒂斯
K组,民主刚果,前锋,西蒙·班扎,阿布扎比半岛
K组,民主刚果,前锋,菲斯顿·马耶勒,金字塔
K组,民主刚果,前锋,约阿纳·维萨,纽卡斯尔联
K组,乌兹别克斯坦,门将,尤茨基尔·尤索波夫,纳曼干新春
K组,乌兹别克斯坦,门将,博蒂拉里·叶尔加舍夫,费尔干纳油工
K组,乌兹别克斯坦,门将,阿卜杜沃赫德·内马托夫,纳萨夫
K组,乌兹别克斯坦,后卫,胡桑诺夫,曼城
K组,乌兹别克斯坦,后卫,乌罗佐夫,埃尤普体育
K组,乌兹别克斯坦,后卫,乌尔马萨利耶夫,阿尔马雷克
K组,乌兹别克斯坦,后卫,法鲁克·萨菲耶夫,费尔干纳油工
K组,乌兹别克斯坦,后卫,谢尔佐德·纳斯鲁拉耶夫,塔什干棉农
K组,乌兹别克斯坦,后卫,卡里莫夫,特尔梅兹
K组,乌兹别克斯坦,后卫,埃什穆罗多夫,纳萨夫
K组,乌兹别克斯坦,后卫,拉斯塔马乔·阿舒马托夫,德黑兰独立
K组,乌兹别克斯坦,后卫,阿里扎诺夫,塔什干棉农
K组,乌兹别克斯坦,后卫,阿卜杜拉·阿卜杜拉耶夫,迪巴SCC
K组,乌兹别克斯坦,中场,奥塔贝克·舒库罗夫,班尼亚斯
K组,乌兹别克斯坦,中场,阿克玛·莫兹戈沃伊,纳萨夫
K组,乌兹别克斯坦,中场,贾姆什德·伊斯坎德罗夫,费尔干纳油工
K组,乌兹别克斯坦,中场,奥迪忠·坎罗布科夫,大不里士拖拉机
K组,乌兹别克斯坦,中场,阿齐齐翁·加尼耶夫,巴塔
K组,乌兹别克斯坦,中场,谢尔佐德·埃萨诺夫,布哈拉
K组,乌兹别克斯坦,前锋,乌鲁诺夫,波斯波利斯
K组,乌兹别克斯坦,前锋,肖穆罗多夫,伊斯坦布尔
K组,乌兹别克斯坦,前锋,谢尔盖耶夫,波斯波利斯
K组,乌兹别克斯坦,前锋,马沙里波夫,德黑兰独立
K组,乌兹别克斯坦,前锋,多斯通贝克·哈姆达莫夫,塔什干棉农
K组,乌兹别克斯坦,前锋,费祖拉耶夫,伊斯坦布尔
K组,乌兹别克斯坦,前锋,阿齐兹贝克·阿莫诺夫,萨马尔罕迪那摩
K组,哥伦比亚,门将,奥斯皮纳,国民竞技
K组,哥伦比亚,门将,蒙特罗,萨斯菲尔德
K组,哥伦比亚,门将,卡米洛·巴尔加斯,阿特拉斯
K组,哥伦比亚,后卫,穆尼奥斯,水晶宫
K组,哥伦比亚,后卫,阿里亚斯,阿根廷独立
K组,哥伦比亚,后卫,莫西卡,马略卡
K组,哥伦比亚,后卫,马查多,南特
K组,哥伦比亚,后卫,米纳,卡利亚里
K组,哥伦比亚,后卫,卢库米,博洛尼亚
K组,哥伦比亚,后卫,达文森·桑切斯,加拉塔萨雷
K组,哥伦比亚,后卫,迪塔,蓝十字
K组,哥伦比亚,中场,里奥斯,本菲卡
K组,哥伦比亚,中场,普埃塔,桑坦德竞技
K组,哥伦比亚,中场,波尔蒂利亚,巴拉纳竞技
K组,哥伦比亚,中场,J罗,明尼苏达联
K组,哥伦比亚,中场,莱尔马,水晶宫
K组,哥伦比亚,中场,卡斯塔尼奥,河床
K组,哥伦比亚,中场,金特罗,河床
K组,哥伦比亚,中场,阿里亚斯,帕尔梅拉斯
K组,哥伦比亚,中场,卡拉斯卡尔,弗拉门戈
K组,哥伦比亚,中场,坎帕兹,罗萨里奥中央
K组,哥伦比亚,前锋,路易斯·迪亚斯,拜仁
K组,哥伦比亚,前锋,路易斯·苏亚雷斯,葡萄牙体育
K组,哥伦比亚,前锋,安德烈斯·戈麦斯,瓦斯科达伽马
K组,哥伦比亚,前锋,库乔·埃尔南德斯,贝蒂斯
K组,哥伦比亚,前锋,科尔多瓦,克拉斯诺达尔
L组,英格兰,门将,皮克福德,埃弗顿
L组,英格兰,门将,迪恩·亨德森,水晶宫
L组,英格兰,门将,特拉福德,曼城
L组,英格兰,后卫,孔萨,阿斯顿维拉
L组,英格兰,后卫,奥赖利,曼城
L组,英格兰,后卫,斯通斯,曼城
L组,英格兰,后卫,格伊,曼城
L组,英格兰,后卫,查洛巴,切尔西
L组,英格兰,后卫,丹·伯恩,纽卡斯尔
L组,英格兰,后卫,里斯·詹姆斯,切尔西
L组,英格兰,后卫,斯彭斯,热刺
L组,英格兰,后卫,宽萨,勒沃库森
L组,英格兰,中场,赖斯,阿森纳
L组,英格兰,中场,埃利奥特·安德森,诺丁汉森林
L组,英格兰,中场,贝林厄姆,皇马
L组,英格兰,中场,乔丹·亨德森,布伦特福德
L组,英格兰,中场,梅努,曼联
L组,英格兰,中场,罗杰斯,阿斯顿维拉
L组,英格兰,中场,埃泽,阿森纳
L组,英格兰,前锋,萨卡,阿森纳
L组,英格兰,前锋,凯恩,拜仁
L组,英格兰,前锋,拉什福德,曼联/巴萨
L组,英格兰,前锋,戈登,巴萨
L组,英格兰,前锋,沃特金斯,阿斯顿维拉
L组,英格兰,前锋,马杜埃凯,阿森纳
L组,英格兰,前锋,伊万·托尼,吉达国民
L组,克罗地亚,门将,多米尼克·利瓦科维奇,萨格勒布迪纳摩
L组,克罗地亚,门将,多米尼克·科塔尔斯基,哥本哈根
L组,克罗地亚,门将,伊沃·潘杜,赫尔城
L组,克罗地亚,后卫,格瓦迪奥尔,曼城
L组,克罗地亚,后卫,杜耶·卡莱塔-卡尔,皇家社会
L组,克罗地亚,后卫,约西普·苏塔洛,阿贾克斯
L组,克罗地亚,后卫,斯坦尼西奇,拜仁慕尼黑
L组,克罗地亚,后卫,庞格拉西奇,佛罗伦萨
L组,克罗地亚,后卫,克里斯蒂扬·亚基奇,奥格斯堡
L组,克罗地亚,后卫,马丁·埃尔利奇,中日德兰
L组,克罗地亚,后卫,武什科维奇,汉堡
L组,克罗地亚,中场,莫德里奇,AC米兰
L组,克罗地亚,中场,科瓦契奇,曼城
L组,克罗地亚,中场,马里奥·帕萨利奇,亚特兰大
L组,克罗地亚,中场,尼科拉·弗拉西奇,都灵
L组,克罗地亚,中场,卢卡·苏西奇,皇家社会
L组,克罗地亚,中场,马丁·巴图里纳,科莫
L组,克罗地亚,中场,佩塔·苏契奇,国际米兰
L组,克罗地亚,中场,尼古拉·莫罗,博洛尼亚
L组,克罗地亚,中场,托尼·弗鲁克,里耶卡
L组,克罗地亚,前锋,伊万·佩里西奇,埃因霍温
L组,克罗地亚,前锋,克拉马里奇,霍芬海姆
L组,克罗地亚,前锋,安特·布迪米尔,奥萨苏纳
L组,克罗地亚,前锋,马尔科·帕萨利奇,奥兰多城
L组,克罗地亚,前锋,佩塔·穆萨,达拉斯
L组,克罗地亚,前锋,伊戈尔·马塔诺维奇,弗赖堡
L组,加纳,门将,阿萨雷,格特奥林匹克
L组,加纳,门将,阿蒂齐吉,圣加仑
L组,加纳,门将,约瑟夫·阿南,圣帕特里克竞技
L组,加纳,后卫,巴巴,塞萨洛尼基
L组,加纳,后卫,门萨,欧塞尔
L组,加纳,后卫,塞纳亚,欧塞尔
L组,加纳,后卫,塞杜,雷恩
L组,加纳,后卫,穆明,巴列卡诺
L组,加纳,后卫,奥波库,伊斯坦布尔
L组,加纳,后卫,阿杰蒂,沃尔夫斯堡
L组,加纳,后卫,奥彭,尼斯
L组,加纳,后卫,德里克·卢卡森,帕福斯
L组,加纳,中场,伊莱莎·奥乌苏,欧塞尔
L组,加纳,中场,托马斯,比利亚雷亚尔
L组,加纳,中场,夸西·西博,皇家奥维耶多
L组,加纳,中场,博克耶,圣埃蒂安
L组,加纳,中场,伊伦基,北西兰
L组,加纳,中场,法塔乌,莱斯特城
L组,加纳,前锋,苏莱马纳,亚特兰大
L组,加纳,前锋,邦苏·巴,胡拜尔库迪西亚
L组,加纳,前锋,阿皮亚,里昂
L组,加纳,前锋,塞梅尼奥,曼城
L组,加纳,前锋,阿桑特,考文垂
L组,加纳,前锋,夸贝纳·阿杜,比尔森胜利
L组,加纳,前锋,伊纳基·威廉姆斯,毕尔巴鄂竞技
L组,加纳,前锋,乔丹·阿尤,莱斯特城
L组,巴拿马,门将,奥兰多·莫斯奎拉,莫哈
L组,巴拿马,门将,路易斯·梅吉亚,佩纳罗尔
L组,巴拿马,门将,塞萨尔·萨穆迪奥,CD马拉松
L组,巴拿马,后卫,塞萨尔·布莱克曼,布拉迪斯拉法
L组,巴拿马,后卫,豪尔赫·古铁雷斯,拉瓜伊拉
L组,巴拿马,后卫,迈克尔·穆里略,贝西克塔斯
L组,巴拿马,后卫,菲德尔·埃斯科瓦尔,萨普利沙
L组,巴拿马,后卫,安德烈亚斯·安德雷德,林茨
L组,巴拿马,后卫,埃德加多·法里尼亚,奥林彼特
L组,巴拿马,后卫,何塞·科尔多瓦,诺维奇
L组,巴拿马,后卫,埃里克·戴维斯,阿马多尔广场
L组,巴拿马,后卫,吉奥瓦尼·拉莫斯,港发院
L组,巴拿马,后卫,罗德里克·米勒,托武兹
L组,巴拿马,中场,戈多伊,圣地亚哥FC
L组,巴拿马,中场,卡拉斯基利亚,墨西哥美洲狮
L组,巴拿马,中场,卡洛斯·哈维,明尼苏达联
L组,巴拿马,中场,克里斯蒂安·马丁内斯,谢莫纳夏普尔
L组,巴拿马,中场,罗德里格斯,华雷斯
L组,巴拿马,中场,亚尼斯,科布雷萨尔
L组,巴拿马,中场,巴塞纳斯,马特萨兰
L组,巴拿马,中场,阿尔伯特·金特罗,阿马多尔广场
L组,巴拿马,中场,阿扎里亚斯·伦多尼奥,卡托利卡大学
L组,巴拿马,前锋,伊斯梅尔·迪亚斯,莱昂
L组,巴拿马,前锋,塞西·沃特曼,康塞普西翁大学
L组,巴拿马,前锋,法贾尔多,卡托利卡大学
L组,巴拿马,前锋,托马斯·罗德里格斯,萨普利沙
